filename,label
1.html,广东省$广州市$从化区$街口街道$青云路$90号$113.584636$23.543162
2.html,福建省$泉州市$南安市$柳城街道$柳小路$6号$118.40273442$24.95635571
3.html,广东省$广州市$越秀区$光塔街道$海珠中路$33号$113.255753$23.118162
4.html,福建省$泉州市$石狮市$凤里街道$灵秀路$158号$118.62570033$24.735104
5.html,福建省$泉州市$石狮市$湖滨街道$濠江路$231号$118.652295$24.72649433
6.html,广东省$广州市$白云区$同德街道$粤溪大街$46号$113.239955$23.163992
7.html,广东省$广州市$从化区$街口街道$中田东路$192号铺$113.584917$23.54368566
8.html,广东省$广州市$越秀区$流花街道$环市西路$自编151-155号$113.2541034$23.1481934
9.html,广东省$广州市$黄埔区$南岗街道$黄埔东路$2660号$113.5318585$23.08837675
10.html,广东省$广州市$越秀区$大塘街道$中山四路$228-自编113号$113.27203014$23.12609628
11.html,广东省$广州市$天河区$车陂街道$中山大道中$三枪旁$113.395579$23.124697
12.html,安徽省$合肥市$巢湖市$卧牛山街道$健康西路$8号$117.86285085$31.609669
13.html,广东省$广州市$番禺区$新造镇$双桂园十八街$双桂园108街3幢$113.43618725$23.0428935
14.html,广东省$广州市$海珠区$江海街道$艺苑南路$202号$113.322092$23.092249
15.html,广东省$广州市$黄埔区$九龙镇$九龙大道$1138号$113.520998$23.351953
16.html,广东省$广州市$南沙区$南沙街道$大安路$3号$113.602255$22.758434
17.html,广东省$广州市$海珠区$瑞宝街道$怡华街$5-7号$113.291734$23.070582
18.html,福建省$福州市$晋安区$王庄街道$福马路$118-32号$119.326412$26.07724233
19.html,广东省$广州市$番禺区$大龙街道$亚运大道$293号$113.406711$22.937222
20.html,广东省$广州市$白云区$棠景街道$三元里大道$909号A5$113.2509685$23.17189916
21.html,广东省$广州市$花都区$狮岭镇$顺达街$10号$113.1479965$23.462734
22.html,广东省$广州市$海珠区$南洲街道$广州大道南$1597号$113.3138406$23.0717496
23.html,广东省$广州市$花都区$新华街道$横五街$5-1号$113.216973$23.377556
24.html,福建省$泉州市$安溪县$凤城镇$新华路$279号$118.184958$25.053369
25.html,福建省$厦门市$集美区$侨英街道$霞梧里$76号$118.10542292$24.59427864
26.html,福建省$厦门市$思明区$筼筜街道$湖滨东路$243号$118.108848$24.481737
27.html,广东省$广州市$白云区$新市街道$涌北大街$9号$113.266541$23.190633
28.html,广东省$广州市$天河区$沙东街道$侨乐街$40号$113.3213065$23.16374875
29.html,安徽省$阜阳市$颍州区$文峰街道$颍上北路$268号$115.8324075$32.891658
30.html,福建省$厦门市$集美区$后溪镇$珩圣路$58号$118.0602735$24.6264225
31.html,广东省$广州市$番禺区$石基镇$龙棋中路$33号$113.436624$22.9556365
32.html,福建省$泉州市$鲤城区$开元街道$北门街$144号$118.592171$24.919693
33.html,福建省$泉州市$鲤城区$临江街道$中山南路$240号$118.588371$24.897821
34.html,福建省$泉州市$鲤城区$金龙街道$南环路$564号$118.55749675$24.897042
35.html,广东省$广州市$增城区$朱村街道$朱村街$中330-1号$113.6974065$23.271858
36.html,安徽省$合肥市$庐江县$冶父山镇$马安路$089县$117.35366525$31.384987
37.html,福建省$福州市$台江区$瀛洲街道$六一中路$495号$119.320812$26.055784
38.html,福建省$泉州市$安溪县$凤城镇$兴安路$286-292号$118.1707867$25.061467
39.html,福建省$厦门市$集美区$杏林街道$杏林南路$3号$118.04166$24.563862
40.html,广东省$广州市$天河区$冼村街道$花城大道$67号$113.32549266$23.119765
41.html,广东省$广州市$黄埔区$鱼珠街道$黄埔大道东$948号$113.43156366$23.09749266
42.html,广东省$广州市$越秀区$珠光街道$文德路$96号之14$113.27251966$23.12238133
43.html,广东省$广州市$番禺区$石壁街道$大榄地路$12-1号$113.27266425$23.00284775
44.html,广东省$广州市$南沙区$南沙街道$鹿颈路$12号$113.603207$22.75480833
45.html,广东省$广州市$番禺区$大石街道$石中一路$86号$113.301375$23.010542
46.html,广东省$广州市$黄埔区$永和街道$井泉二路$10号$113.575514$23.1845975
47.html,广东省$广州市$白云区$新市街道$机场路$新市墟(近新市公交站)$113.261613$23.19186
48.html,福建省$福州市$仓山区$临江街道$上藤路$观井、观海路北侧$119.317883$26.047901
49.html,安徽省$合肥市$肥西县$桃花镇$明珠大道$140号$117.1798448$31.804328
50.html,广东省$广州市$荔湾区$石围塘街道$芳村大道中$523号$113.22079$23.10514
51.html,安徽省$合肥市$瑶海区$铜陵路街道$长江东路$514-3号$117.337434$31.868032
52.html,广东省$广州市$白云区$棠景街道$岗贝路$189-211号$113.25815492$23.18035423
53.html,广东省$广州市$天河区$车陂街道$车陂北街$406号$113.39534$23.125101
54.html,安徽省$合肥市$巢湖市$黄麓镇$烔忠路$129号$117.5839675$31.621405
55.html,安徽省$合肥市$庐阳区$逍遥津街道$阜阳北路$91号$117.28690643$31.8728068
56.html,广东省$广州市$花都区$新华街道$富源一路$7号$113.250604$23.344403
57.html,福建省$福州市$台江区$茶亭街道$国货西路$146号$119.31069233$26.064136
58.html,广东省$广州市$天河区$沙河街道$龙岗东路$27号$113.311193$23.149993
59.html,福建省$福州市$马尾区$罗星街道$聚星路$3号$119.457581$25.990038
60.html,福建省$厦门市$湖里区$江头街道$仙岳路$1498号$118.1325625$24.4994255
61.html,广东省$广州市$海珠区$赤岗街道$赤岗北路$18号$113.3275278$23.0993634
62.html,广东省$广州市$白云区$嘉禾街道$尹边三街$17号$113.271918$23.228677
63.html,广东省$广州市$海珠区$华洲街道$东环街$57号$113.3388295$23.08305
64.html,福建省$泉州市$南安市$官桥镇$共建街$260号$118.429981$24.8024115
65.html,广东省$广州市$天河区$天园街道$黄埔大道中$209号$113.368628$23.123427
66.html,福建省$福州市$平潭县$潭城镇$海坛步行街$88号$119.79196333$25.503225
67.html,安徽省$合肥市$蜀山区$荷叶地街道$金寨南路$837号$117.2300125$31.79649
68.html,福建省$泉州市$石狮市$湖滨街道$八七路$751号$118.64988671$24.72958357
69.html,广东省$广州市$天河区$兴华街道$沙太南路$330号$113.327873$23.1697215
70.html,安徽省$合肥市$肥东县$店埠镇$撮镇路$73号$117.47124035$31.87615794
71.html,安徽省$阜阳市$临泉县$城关镇$光明北路$570号$115.266868$33.0833855
72.html,福建省$福州市$长乐区$吴航街道$西洋中路$183号$119.5149$25.959802
73.html,福建省$福州市$仓山区$金山街道$金祥路$9号$119.27307833$26.049464
74.html,福建省$福州市$台江区$鳌峰街道$鳌峰路$209号$119.343735$26.053451
75.html,广东省$广州市$白云区$石井街道$机场路$2125号$113.2604415$23.2195677
76.html,福建省$厦门市$思明区$梧村街道$东浦路$14号之7$118.12438975$24.470646
77.html,福建省$泉州市$永春县$桃城镇$中州路$50号$118.29007833$25.31717933
78.html,广东省$广州市$从化区$鳌头镇$中华路$18号$113.50399266$23.585236
79.html,广东省$广州市$白云区$同德街道$同康路$199号$113.23159683$23.15753083
80.html,广东省$广州市$南沙区$南沙街道$海滨路$123号$113.5333538$22.7951506
81.html,福建省$福州市$马尾区$罗星街道$港口路$11号$119.455343$25.983507
82.html,安徽省$合肥市$肥东县$元疃镇$元疃大街$224号$117.383927$32.08077
83.html,福建省$泉州市$丰泽区$丰泽街道$津淮街$293号$118.603861$24.8945645
84.html,广东省$广州市$白云区$松洲街道$黄丽街$94号$113.217658$23.168576
85.html,安徽省$阜阳市$颍东区$向阳街道$颍河东路$116号$115.851032$32.9015515
86.html,广东省$广州市$番禺区$桥南街道$市南路$479号$113.3798265$22.9168385
87.html,福建省$福州市$仓山区$盖山镇$齐安路$24号$119.2980515$26.010793
88.html,福建省$泉州市$丰泽区$丰泽街道$津坂路$220号$118.60039533$24.89836366
89.html,福建省$福州市$长乐区$吴航街道$西洋北路$58号$119.512896$25.966237
90.html,安徽省$合肥市$巢湖市$半汤街道$汤山路$122号$117.91943669$31.6480293
91.html,福建省$泉州市$石狮市$凤里街道$新兴路$37号$118.622522$24.736741
92.html,广东省$广州市$白云区$石井街道$石潭路$38号$113.2344553$23.1930104
93.html,广东省$广州市$黄埔区$联和街道$科景路$20号$113.449007$23.188557
94.html,广东省$广州市$海珠区$赤岗街道$蕙兰路$9号$113.3140093$23.1028711
95.html,广东省$广州市$越秀区$建设街道$建设五马路$建设五马路$113.284276$23.134637
96.html,广东省$广州市$从化区$城郊街道$龙新直街$4号$113.592724$23.55232166
97.html,安徽省$合肥市$巢湖市$亚父街道$巢湖路$300号$117.87372075$31.602526
98.html,福建省$福州市$鼓楼区$鼓西街道$元帅路$109号$119.294799$26.086033
99.html,广东省$广州市$番禺区$沙湾镇$镇龙里$7号$113.349432$22.915816
100.html,安徽省$合肥市$蜀山区$蜀山新产业园区$蜀峰路$104号$117.169482$31.858156
101.html,福建省$泉州市$石狮市$宝盖镇$宋塘路$57号$118.66184633$24.74345033
102.html,广东省$广州市$白云区$钟落潭镇$良田大道$185号$113.388885$23.351105
103.html,广东省$广州市$海珠区$凤阳街道$江泰路$91号$113.280834$23.082464
104.html,福建省$厦门市$湖里区$禾山街道$下忠社$84号$118.158631$24.517936
105.html,福建省$厦门市$思明区$莲前街道$会展路$1931号$118.1900532$24.4845722
106.html,广东省$广州市$黄埔区$黄埔街道$大沙地西$104号$113.4438855$23.1018965
107.html,广东省$广州市$海珠区$南华西街道$同福中路$268号$113.255564$23.102256
108.html,福建省$厦门市$湖里区$禾山街道$枋湖西路$147号$118.141539$24.515668
109.html,福建省$厦门市$思明区$筼筜街道$仙岳路$623号$118.12374464$24.49822035
110.html,安徽省$阜阳市$颍泉区$中市街道$界首路$121号$115.80925306$32.92701056
111.html,安徽省$阜阳市$界首市$西城街道$界光路$117号$115.36377933$33.267859
112.html,安徽省$黄山市$屯溪区$昱中街道$滨江东路$105号$118.323745$29.705898
113.html,广东省$广州市$荔湾区$昌华街道$泮塘五约新街$73号$113.23345225$23.122818
114.html,广东省$广州市$荔湾区$龙津街道$人民中路$345号$113.252719$23.1183995
115.html,福建省$泉州市$鲤城区$常泰街道$华锦路$116号$118.527497$24.92362125
116.html,福建省$泉州市$晋江市$陈埭镇$鞋都路$1129号$118.59863216$24.816418
117.html,广东省$广州市$荔湾区$逢源街道$恩洲大巷$193号$113.2364895$23.1241745
118.html,甘肃省$酒泉市$敦煌市$沙州镇$沙州北路$55号$94.66459866$40.143558
119.html,广东省$广州市$增城区$新塘镇$港口大道$92号$113.60450733$23.10995333
120.html,广东省$广州市$海珠区$昌岗街道$昌泰路$20号$113.2817305$23.090595
121.html,广东省$广州市$番禺区$大石街道$大涌路$左走10米)$113.314814$23.022045
122.html,广东省$广州市$海珠区$南石头街道$工业大道中$98号$113.276116$23.0717795
123.html,福建省$福州市$仓山区$对湖街道$程厝东路$76号$119.313529$26.033638
124.html,福建省$厦门市$思明区$莲前街道$东浦路$170-A48号$118.12953$24.4743138
125.html,福建省$厦门市$思明区$莲前街道$会展路$168号$118.18343639$24.4667036
126.html,广东省$广州市$番禺区$市桥街道$白云路$4-6号$113.367027$22.951331
127.html,福建省$福州市$长乐区$吴航街道$西关街$156号$119.5166678$25.968151
128.html,福建省$厦门市$集美区$杏林街道$杏林北路$4号$118.04200618$24.56560209
129.html,广东省$广州市$天河区$猎德街道$花城大道$32号$113.3229166$23.11862908
130.html,福建省$厦门市$湖里区$江头街道$云顶中路$1798号$118.15308077$24.49017122
131.html,广东省$广州市$天河区$兴华街道$牛利岗大街$56号$113.324224$23.17052933
132.html,福建省$福州市$鼓楼区$洪山镇$洪山园路$62号$119.27940775$26.07716633
133.html,安徽省$合肥市$庐阳区$杏林街道$固镇路$58号$117.281456$31.894814
134.html,广东省$广州市$天河区$棠下街道$龙门路$1-4号$113.384087$23.1315325
135.html,甘肃省$白银市$白银区$人民路街道$公园路$148号楼$104.176393$36.547578
136.html,安徽省$合肥市$包河区$骆岗街道$内蒙路$1号$117.33466303$31.7929129
137.html,广东省$广州市$白云区$太和镇$大源东路$55号$113.35534005$23.24872222
138.html,福建省$福州市$闽清县$梅城镇$南山路$30号$118.8707545$26.2190925
139.html,福建省$福州市$闽侯县$上街镇$工贸路$218号$119.2038785$26.07748883
140.html,福建省$泉州市$石狮市$湖滨街道$九二路$423号$118.63442425$24.73079675
141.html,福建省$厦门市$思明区$筼筜街道$西浦路$203号$118.124754$24.493724
142.html,广东省$广州市$天河区$龙洞街道$龙洞商业步行街$5号$113.3660905$23.195106
143.html,广东省$广州市$番禺区$东环街道$东环路$242-1号$113.360128$22.95613
144.html,广东省$广州市$番禺区$市桥街道$富华西路$196号$113.3593005$22.947396
145.html,广东省$广州市$白云区$石井街道$石槎路$1625号$113.2423$23.204744
146.html,广东省$广州市$番禺区$桥南街道$南城路$117-104号$113.36081$22.92555
147.html,福建省$泉州市$丰泽区$北峰街道$龙感巷$63号$118.58682$24.944715
148.html,广东省$广州市$海珠区$滨江街道$警安路$C36号$113.289338$23.104595
149.html,广东省$广州市$增城区$仙村镇$同德东街$8号$113.720695$23.170052
150.html,广东省$广州市$白云区$江高镇$广花一级公路$630号$113.24540966$23.28325833
151.html,广东省$广州市$白云区$江高镇$江兴路$147号$113.2300665$23.272808
152.html,广东省$广州市$海珠区$凤阳街道$南三街$10297号$113.29666983$23.08808666
153.html,广东省$广州市$越秀区$珠光街道$清水濠$154号$113.273425$23.120574
154.html,广东省$广州市$增城区$荔城街道$增城大道$2号3幢$113.82254847$23.27493942
155.html,福建省$福州市$鼓楼区$鼓西街道$省府路$54号$119.29729466$26.08720566
156.html,福建省$厦门市$思明区$筼筜街道$金桥路$48号$118.1022105$24.486037
157.html,广东省$广州市$白云区$嘉禾街道$白云大道北$114号$113.297545$23.21913125
158.html,福建省$福州市$仓山区$金山街道$金山大道$597号$119.246986$26.049667
159.html,安徽省$合肥市$蜀山区$西园街道$青阳路$60号$117.24293416$31.84761328
160.html,安徽省$合肥市$蜀山区$高新技术产业开发区$合欢路$3号$117.2080874$31.8240693
161.html,福建省$福州市$鼓楼区$五凤街道$西环北路$139号$119.286481$26.101875
162.html,福建省$泉州市$晋江市$磁灶镇$溪滨路$15-1号$118.498957$24.836834
163.html,安徽省$合肥市$瑶海区$铜陵路街道$长江东大街$292号$117.3236275$31.8621735
164.html,广东省$广州市$增城区$荔城街道$莲灯街$31号$113.8318375$23.2869535
165.html,福建省$泉州市$鲤城区$江南街道$兴贤路$674号$118.564529$24.9039715
166.html,广东省$广州市$天河区$沙河街道$先烈东路$144号$113.311245$23.151442
167.html,广东省$广州市$白云区$江高镇$金沙北路$7号$113.221672$23.278643
168.html,安徽省$合肥市$蜀山区$五里墩街道$长江西路$444号$117.245467$31.851793
169.html,广东省$广州市$白云区$人和镇$鹤龙六路$126号$113.2976625$23.333473
170.html,广东省$广州市$海珠区$华洲街道$东环颖龙一街$5号$113.336964$23.08184233
171.html,福建省$泉州市$晋江市$安海镇$鸿江中路$28号$118.479744$24.716297
172.html,广东省$广州市$番禺区$化龙镇$潭山大道$31号$113.46099766$22.99888666
173.html,安徽省$黄山市$黟县$碧阳镇$翼然路$21号$117.939159$29.919857
174.html,安徽省$合肥市$瑶海区$长淮街道$胜利路$114号$117.306735$31.872875
175.html,广东省$广州市$天河区$凤凰街道$渔北路$135号$113.378382$23.21731642
176.html,广东省$广州市$荔湾区$西村街道$东风西路$102-2号$113.239819$23.136899
177.html,广东省$广州市$花都区$新华街道$建设北路$123-34号$113.204525$23.3981285
178.html,福建省$泉州市$泉港区$涂岭镇$拥军路$52号$118.81379102$25.11798095
179.html,广东省$广州市$越秀区$光塔街道$米市路$81号$113.260369$23.121861
180.html,福建省$泉州市$丰泽区$东湖街道$湖心街$298号$118.611491$24.90589166
181.html,广东省$广州市$越秀区$矿泉街道$北站南路$53号$113.251028$23.16372833
182.html,广东省$广州市$越秀区$珠光街道$仓前直街$20号$113.27169918$23.11674718
183.html,广东省$广州市$番禺区$桥南街道$汇景大道$417号$113.379654$22.920017
184.html,福建省$泉州市$鲤城区$开元街道$都督巷$77号$118.5927295$24.919704
185.html,广东省$广州市$荔湾区$逢源街道$龙津西路$337--8号$113.241196$23.12407333
186.html,广东省$广州市$海珠区$凤阳街道$五凤东场正街$15号$113.29801942$23.08465794
187.html,广东省$广州市$番禺区$大石街道$石中二路$2巷$113.296954$23.009727
188.html,广东省$广州市$荔湾区$多宝街道$恩宁路$119号$113.237887$23.114576
189.html,广东省$广州市$天河区$冼村街道$华穗路$180号C座$113.31866194$23.12017276
190.html,安徽省$合肥市$蜀山区$高新技术产业开发区$百草街$110号$117.14240836$31.84722218
191.html,广东省$广州市$天河区$天园街道$中山大道西$2022室$113.358206$23.133661
192.html,广东省$广州市$番禺区$大石街道$大石段$396号$113.311731$23.024471
193.html,福建省$福州市$仓山区$城门镇$城门街$173号$119.361702$25.994211
194.html,广东省$广州市$海珠区$沙园街道$五一大街中$3号$113.262183$23.088065
195.html,福建省$厦门市$湖里区$湖里街道$悦华路$113-115之4$118.107292$24.5138
196.html,广东省$广州市$从化区$街口街道$城峰路$14号$113.58009$23.53825
197.html,广东省$广州市$花都区$新华街道$商业大道$40-3号$113.213301$23.3771485
198.html,福建省$福州市$鼓楼区$温泉街道$华林路$179-1号$119.30773933$26.10240833
199.html,广东省$广州市$从化区$江埔街道$河东南路$67-1号$113.596754$23.539189
200.html,安徽省$阜阳市$颍州区$阜阳开发区京九街道$经三路$394号$115.85971433$32.857043
201.html,广东省$广州市$荔湾区$华林街道$宝华北$18号$113.245075$23.117028
202.html,福建省$泉州市$晋江市$陈埭镇$江滨北路$368号$118.609348$24.869453
203.html,广东省$广州市$越秀区$北京街道$中山五路$25-47号$113.26844083$23.12546683
204.html,广东省$广州市$天河区$石牌街道$天河东路$890号$113.34454242$23.14114014
205.html,安徽省$合肥市$蜀山区$芙蓉社区$九龙路$424号$117.181499$31.7718665
206.html,福建省$厦门市$思明区$嘉莲街道$莲景三路$12号-101$118.118305$24.477931
207.html,福建省$厦门市$湖里区$湖里街道$兴湖路$622-624号$118.109386$24.517993
208.html,福建省$厦门市$同安区$大同街道$中山路$118号$118.149357$24.733955
209.html,安徽省$合肥市$巢湖市$卧牛山街道$人民路$32-32号$117.869328$31.59901633
210.html,广东省$广州市$越秀区$登峰街道$麓景路$10号$113.277857$23.142917
211.html,福建省$福州市$晋安区$鼓山镇$红光路$119号$119.35806185$26.07431314
212.html,福建省$厦门市$湖里区$禾山街道$金湖路$397号$118.1516625$24.50974
213.html,广东省$广州市$南沙区$东涌镇$同康路$17号$113.458854$22.850965
214.html,安徽省$合肥市$蜀山区$莲花社区$天门路$36号$117.22698375$31.758085
215.html,广东省$广州市$天河区$沙河街道$先烈中路$274号$113.30969766$23.15042666
216.html,福建省$厦门市$集美区$集美街道$石鼓路$168号$118.100639$24.57691033
217.html,福建省$厦门市$海沧区$海沧街道$沧虹路$295号$118.036762$24.497519
218.html,广东省$广州市$荔湾区$中南街道$海龙路$7号$113.21148112$23.04642531
219.html,福建省$厦门市$思明区$开元街道$白鹭洲路$54号$118.0926355$24.46576
220.html,福建省$厦门市$思明区$筼筜街道$松岳里$11号$118.1106015$24.492724
221.html,福建省$福州市$鼓楼区$五凤街道$丞相路$260号$119.27570533$26.10657566
222.html,广东省$广州市$白云区$石井街道$海头街$60号$113.207978$23.22585625
223.html,安徽省$合肥市$蜀山区$$翡翠路$385号$117.20639866$31.76582266
224.html,广东省$广州市$增城区$中新镇$中福路$30号$113.62144414$23.28872585
225.html,福建省$泉州市$南安市$洪濑镇$洪濑街$52号$118.5207935$25.0764905
226.html,广东省$广州市$花都区$新华街道$宝华路$5号$113.202867$23.385047
227.html,安徽省$阜阳市$颍州区$阜阳开发区京九街道$颍上南路$261号$115.83147885$32.88001371
228.html,福建省$厦门市$思明区$梧村街道$凤屿路$84号$118.115661$24.473319
229.html,福建省$福州市$鼓楼区$华大街道$北二环中路$131-6号$119.303932$26.108388
230.html,广东省$广州市$海珠区$海幢街道$南华中路$291号$113.2599955$23.107125
231.html,福建省$福州市$连江县$琯头镇$大众路$121号$119.56476433$26.13095533
232.html,安徽省$合肥市$蜀山区$$习友路$11号$117.24449716$31.79044266
233.html,福建省$泉州市$晋江市$青阳街道$泉安中路$453号$118.582206$24.805984
234.html,甘肃省$庆阳市$庆城县$庆城镇$南大街$98号$107.89325$35.99258771
235.html,福建省$厦门市$海沧区$海沧街道$海旺路$63号$118.033456$24.494226
236.html,安徽省$阜阳市$颍州区$文峰街道$清河东路$138号$115.82772133$32.88653616
237.html,广东省$广州市$海珠区$瑞宝街道$金碧二街$160号$113.287588$23.068829
238.html,安徽省$阜阳市$颍泉区$周棚街道$周棚路$2号$115.8416206$32.97511033
239.html,安徽省$合肥市$包河区$芜湖路街道$望江东路$209号$117.282405$31.829016
240.html,广东省$广州市$海珠区$新港街道$顺景街$4-1号$113.293544$23.089027
241.html,广东省$广州市$增城区$正果镇$正南街$1巷$113.89212802$23.40983031
242.html,广东省$广州市$海珠区$海幢街道$小港路$162号$113.269897$23.10763
243.html,福建省$福州市$晋安区$茶园街道$六一北路$36号$119.316177$26.103337
244.html,甘肃省$酒泉市$肃州区$东南街街道$公园路$18-5号$98.52464025$39.7434355
245.html,福建省$泉州市$安溪县$凤城镇$祥云路$562号$118.179398$25.06741
246.html,福建省$厦门市$湖里区$金山街道$金钟路$11号115$118.1801454$24.5026072
247.html,广东省$广州市$增城区$新塘镇$北横路$69号$113.611698$23.126844
248.html,福建省$福州市$仓山区$上渡街道$上渡路$255号$119.300196$26.037632
249.html,广东省$广州市$白云区$石井街道$桥头大街$18号之2$113.24831433$23.217847
250.html,福建省$福州市$仓山区$城门镇$城山路$120号$119.37391833$25.994696
251.html,安徽省$合肥市$庐江县$庐城镇$文昌西路$44号$117.2723592$31.253492
252.html,福建省$福州市$福清市$音西街道$清航路$39号$119.37631537$25.72554037
253.html,广东省$广州市$番禺区$桥南街道$贵平街$13号$113.3696075$22.91911
254.html,福建省$厦门市$同安区$洪塘镇$苏厝路$168号$118.190293$24.713876
255.html,福建省$厦门市$集美区$杏林街道$杏林东路$5-之21号$118.043585$24.5647415
256.html,广东省$广州市$南沙区$南沙街道$进港大道$159号$113.55674963$22.79806881
257.html,广东省$广州市$白云区$松洲街道$富园路$18铺$113.23283733$23.14741733
258.html,福建省$泉州市$丰泽区$丰泽街道$刺桐北路$566号$118.611604$24.900924
259.html,福建省$厦门市$思明区$筼筜街道$湖滨三里$66-77号$118.106788$24.475708
260.html,安徽省$阜阳市$太和县$城关镇$文明路$277号$115.62215825$33.16530925
261.html,广东省$广州市$海珠区$官洲街道$仑头余庆里外街$1号$113.3716645$23.075191
262.html,福建省$福州市$晋安区$茶园街道$前岐路$59号$119.3240785$26.1046725
263.html,广东省$广州市$黄埔区$文冲街道$文元路$49号$113.473299$23.099985
264.html,福建省$福州市$晋安区$王庄街道$紫阳路$33号$119.32711866$26.07448266
265.html,广东省$广州市$增城区$荔城街道$荔城大道$72号$113.826541$23.292689
266.html,广东省$广州市$海珠区$南洲街道$池滘东三街$28号$113.3119635$23.064111
267.html,福建省$福州市$连江县$凤城镇$北门路$20号$119.536493$26.199074
268.html,广东省$广州市$荔湾区$中南街道$赤岗西约$311号$113.21752$23.055573
269.html,广东省$广州市$白云区$石井街道$石沙路$177号$113.22933157$23.21241878
270.html,广东省$广州市$荔湾区$岭南街道$桨栏路$102号$113.2511702$23.1122554
271.html,福建省$厦门市$湖里区$湖里街道$南山路$191之1-02号$118.110576$24.503612
272.html,安徽省$合肥市$蜀山区$高新技术产业开发区$玉兰大道$309号$117.17001466$31.81680233
273.html,福建省$福州市$仓山区$金山街道$金祥路$576号$119.25401175$26.04768825
274.html,福建省$福州市$鼓楼区$东街街道$东街$68-2号$119.30326$26.086488
275.html,福建省$厦门市$湖里区$湖里街道$宜宾路$92号$118.112353$24.50610433
276.html,广东省$广州市$白云区$永平街道$学塘山街$121号$113.30160655$23.21451177
277.html,甘肃省$酒泉市$肃州区$西南街街道$专署街$45号$98.506492$39.743127
278.html,安徽省$阜阳市$颍泉区$中市街道$青年路$201号$115.8298405$32.9029165
279.html,福建省$泉州市$晋江市$磁灶镇$延泽街$304号$118.49422025$24.82113425
280.html,福建省$福州市$仓山区$金山街道$金桔路$30号$119.24254766$26.036799
281.html,福建省$福州市$马尾区$罗星街道$登龙路$17号$119.458964$26.000015
282.html,甘肃省$酒泉市$肃州区$西南街街道$晋城路$120号$98.505606$39.734703
283.html,广东省$广州市$花都区$新华街道$站前路$4-11号$113.205452$23.377834
284.html,福建省$厦门市$思明区$莲前街道$会展南路$7号-108$118.182182$24.464366
285.html,广东省$广州市$白云区$黄石街道$福庆街$60号$113.286786$23.20804785
286.html,广东省$广州市$荔湾区$沙面街道$沙面四街$2-3号$113.2434065$23.106484
287.html,广东省$广州市$海珠区$瑞宝街道$怡居街$11号$113.29511914$23.06647571
288.html,广东省$广州市$白云区$人和镇$展湖街$49号$113.260572$23.295662
289.html,广东省$广州市$从化区$太平镇$康乐西路$90号$113.48171$23.430885
290.html,广东省$广州市$海珠区$龙凤街道$宝岗大道$92之$113.26063$23.104393
291.html,广东省$广州市$增城区$荔城街道$开园路$38-101号$113.829017$23.294852
292.html,广东省$广州市$南沙区$南沙街道$南湾路$8号$113.580621$22.74697
293.html,福建省$厦门市$湖里区$禾山街道$林后社$438号$118.13450666$24.52591216
294.html,安徽省$合肥市$庐阳区$三孝口街道$淮河路$397号$117.27871133$31.86679466
295.html,广东省$广州市$天河区$棠下街道$上社横街$自编8-13号$113.369503$23.136228
296.html,广东省$广州市$荔湾区$中南街道$赤岗西约$386号$113.217151$23.053885
297.html,安徽省$阜阳市$颍州区$文峰街道$西湖南路$72号$115.795627$32.896732
298.html,广东省$广州市$番禺区$南村镇$陈地路$26号$113.39053$23.012847
299.html,广东省$广州市$海珠区$凤阳街道$新滘西路$306号$113.286482$23.073889
300.html,广东省$广州市$天河区$石牌街道$石牌西直街$22号之4$113.33670775$23.1316855
301.html,安徽省$黄山市$屯溪区$昱东街道$仙人洞北路$12-5号1幢$118.32026$29.71965
302.html,广东省$广州市$从化区$鳌头镇$龙新路$8-1号$113.41544466$23.67012916
303.html,广东省$广州市$花都区$新华街道$秀全大道$51号$113.2155555$23.3810595
304.html,广东省$广州市$海珠区$南洲街道$广州大道南$196号$113.3087124$23.071322
305.html,广东省$广州市$白云区$黄石街道$联和西街$1号$113.258498$23.20813417
306.html,广东省$广州市$越秀区$矿泉街道$机山一巷$4号$113.244495$23.153302
307.html,广东省$广州市$番禺区$市桥街道$东环路$259号$113.365725$22.95514
308.html,甘肃省$白银市$白银区$人民路街道$红星路$233号楼$104.17575125$36.54364625
309.html,广东省$广州市$番禺区$南村镇$市新公路$308号$113.39884$22.99143
310.html,广东省$广州市$白云区$江高镇$环镇西路$1号$113.21502536$23.28071368
311.html,安徽省$阜阳市$临泉县$城关镇$四化西路$156号$115.2568755$33.0535815
312.html,福建省$厦门市$海沧区$海沧街道$滨湖东路$77号$118.047466$24.485963
313.html,福建省$福州市$福清市$玉屏街道$玉屏路$66号$119.38578$25.7268
314.html,甘肃省$酒泉市$肃州区$西北街街道$仓后街$16-1号$98.50686$39.747426
315.html,广东省$广州市$白云区$人和镇$鹤龙六路$408号$113.294206$23.337257
316.html,广东省$广州市$荔湾区$昌华街道$恩宁路$72号$113.236997$23.1149225
317.html,广东省$广州市$海珠区$海幢街道$小港路$58号$113.270147$23.110099
318.html,福建省$泉州市$晋江市$金井镇$金丰路$88号$118.60005116$24.57541541
319.html,甘肃省$酒泉市$瓜州县$渊泉镇$公园街$128号$95.78797535$40.51124814
320.html,广东省$广州市$白云区$均禾街道$新石路$新石路$113.256922$23.25249
321.html,安徽省$合肥市$蜀山区$$丹霞路$825号$117.227091$31.769014
322.html,广东省$广州市$番禺区$化龙镇$潭山大道$47号$113.460388$22.999359
323.html,广东省$广州市$番禺区$石楼镇$莲花东路$6号$113.510781$22.976181
324.html,广东省$广州市$花都区$新华街道$秀全大道$11-5号$113.206887$23.377232
325.html,福建省$泉州市$晋江市$英林镇$龙英路$395号$118.580164$24.626965
326.html,福建省$福州市$仓山区$城门镇$南江滨东大道$208号$119.37158415$26.01330109
327.html,安徽省$阜阳市$颍泉区$中市街道$颍州北路$144号$115.824436$32.907536
328.html,安徽省$阜阳市$界首市$东城街道$人民东路$58号$115.380798$33.25531
329.html,广东省$广州市$番禺区$钟村街道$好世界大街$34号$113.32358$22.976586
330.html,广东省$广州市$从化区$江埔街道$河东北路$7之$113.596336$23.545986
331.html,广东省$广州市$荔湾区$冲口街道$花地大道中$501号i$113.23387675$23.06829175
332.html,广东省$广州市$海珠区$赤岗街道$新港东路$521号$113.331329$23.0972925
333.html,福建省$福州市$台江区$后洲街道$下杭路$44号$119.3071705$26.0540665
334.html,福建省$福州市$鼓楼区$鼓西街道$北梦山路$70号$119.28391333$26.089409
335.html,福建省$厦门市$同安区$祥平街道$同集北路$2008号$118.14399625$24.69953758
336.html,福建省$泉州市$德化县$龙浔镇$浔南路$144号$118.236583$25.492095
337.html,广东省$广州市$天河区$棠下街道$中山大道西$501号C栋$113.382028$23.125819
338.html,广东省$广州市$荔湾区$东漖街道$东漖南路$128号$113.22576966$23.07840666
339.html,广东省$广州市$海珠区$华洲街道$小洲东路$218号$113.363414$23.055493
340.html,安徽省$阜阳市$颍上县$慎城镇$荐贤路$537号$116.252408$32.649288
341.html,广东省$广州市$增城区$新塘镇$解放南路$138号$113.616274$23.110652
342.html,广东省$广州市$天河区$新塘街道$大观中路$481号$113.413907$23.163918
343.html,福建省$福州市$马尾区$马尾镇$仙芝路$15号$119.4368308$26.00906888
344.html,广东省$广州市$天河区$前进街道$宦溪西路$42号1栋$113.40404533$23.11219033
345.html,广东省$广州市$花都区$新华街道$东风大道$119号$113.136784$23.374246
346.html,福建省$泉州市$南安市$柳城街道$南大路$129号$118.392467$24.959722
347.html,广东省$广州市$番禺区$大龙街道$泰安路$98号5栋$113.42249736$22.94149063
348.html,福建省$福州市$仓山区$金山街道$金山大道$603号$119.2467325$26.04974425
349.html,广东省$广州市$花都区$炭步镇$东风大道$97号$113.13287703$23.37139039
350.html,安徽省$黄山市$祁门县$祁山镇$阊江北路$71号$117.720194$29.8572195
351.html,安徽省$黄山市$徽州区$徽州街道$永佳大道$401号$118.343302$29.8173215
352.html,福建省$厦门市$翔安区$新圩镇$新霞东路$108号$118.2590855$24.738933
353.html,福建省$厦门市$集美区$杏滨街道$甲园路$3号$118.027313$24.59129
354.html,广东省$广州市$海珠区$华洲街道$华洲路$115号$113.34968161$23.0727713
355.html,广东省$广州市$白云区$棠景街道$棠溪新街$9号$113.2498375$23.179807
356.html,福建省$福州市$仓山区$下渡街道$连江南路$133号$119.334625$26.038086
357.html,广东省$广州市$越秀区$北京街道$仁生里$5号$113.2732$23.12911833
358.html,福建省$厦门市$思明区$莲前街道$观日路$52之$118.18303666$24.48360316
359.html,福建省$福州市$连江县$敖江镇$青霞路$22号$119.52038233$26.20991833
360.html,广东省$广州市$荔湾区$金花街道$龙津中路$459-483号$113.2438442$23.1245882
361.html,福建省$福州市$马尾区$罗星街道$建星路$34-5号$119.4558$25.986226
362.html,福建省$厦门市$湖里区$湖里街道$东渡路$牛繁自助烤肉楼上)$118.080557$24.485806
363.html,安徽省$黄山市$屯溪区$阳湖镇$新安南路$4-20号$118.31295$29.69983433
364.html,广东省$广州市$海珠区$瑞宝街道$工业大道南$293号$113.2873815$23.0698985
365.html,广东省$广州市$海珠区$华洲街道$龙潭东约官滘南二巷$19号$113.3366095$23.0797505
366.html,广东省$广州市$白云区$京溪街道$云景路$78号$113.33164$23.183875
367.html,福建省$厦门市$集美区$杏滨街道$日东二路$287号$118.035328$24.56327233
368.html,广东省$广州市$白云区$永平街道$同泰一街$269号$113.3006444$23.220974
369.html,广东省$广州市$白云区$钟落潭镇$良城西二路$72号$113.37542$23.35837
370.html,广东省$广州市$天河区$车陂街道$大岗北新建路$6-19号$113.397769$23.1308765
371.html,广东省$广州市$番禺区$南村镇$南村东线路$106号$113.397299$22.999832
372.html,广东省$广州市$白云区$石井街道$潭村水闸街$路东$113.235079$23.186415
373.html,福建省$泉州市$晋江市$陈埭镇$前进路$77号$118.611959$24.814012
374.html,安徽省$合肥市$蜀山区$小庙镇$振兴路$92号$117.0208138$31.8449996
375.html,福建省$厦门市$思明区$滨海街道$环岛南路$k0-K号$118.14148924$24.42948854
376.html,福建省$福州市$福清市$龙田镇$龙飞路$22号$119.45792$25.607899
377.html,福建省$福州市$仓山区$临江街道$港洲路$13号$119.326516$26.047429
378.html,广东省$广州市$花都区$新华街道$风神大道$79号$113.15732966$23.378189
379.html,广东省$广州市$天河区$冼村街道$金穗路$花城汇公园妇儿中心站B出口)$113.324998$23.122434
380.html,福建省$福州市$仓山区$盖山镇$三高路$155号$119.33208083$26.03634283
381.html,福建省$泉州市$丰泽区$泉秀街道$乐其道$乐其道5-101号$118.606586$24.885105
382.html,广东省$广州市$增城区$新塘镇$新塘大道西$459号$113.574632$23.109834
383.html,福建省$厦门市$思明区$筼筜街道$仙岳路$113号$118.09654333$24.491991
384.html,广东省$广州市$黄埔区$夏港街道$东园二街$17号$113.527764$23.0641
385.html,广东省$广州市$海珠区$凤阳街道$燕岗街$30号$113.28152$23.075091
386.html,福建省$泉州市$安溪县$凤城镇$中山街$106号$118.1871195$25.05488662
387.html,广东省$广州市$花都区$雅瑶镇$雅神路$39号$113.2154015$23.3520575
388.html,广东省$广州市$海珠区$赤岗街道$南贤大街$37号$113.313695$23.099457
389.html,安徽省$阜阳市$阜南县$鹿城镇$淮河东路$134号$115.591342$32.635047
390.html,福建省$厦门市$湖里区$殿前街道$长乐路$283号$118.102785$24.521358
391.html,广东省$广州市$白云区$钟落潭镇$陈洞村坑边路$6号$113.45042533$23.3289295
392.html,广东省$广州市$增城区$新塘镇$群星北路$6号$113.6109885$23.117054
393.html,广东省$广州市$番禺区$南村镇$兴业大道西$995号$113.3460855$22.9888875
394.html,福建省$厦门市$同安区$祥平街道$凤山路$凤山路5-之14号$118.150238$24.72204633
395.html,安徽省$阜阳市$颍州区$清河街道$一道河中路$76号$115.81410283$32.88216483
396.html,广东省$广州市$天河区$棠下街道$棠东白艾草岗路$路北侧$113.384505$23.15144
397.html,福建省$厦门市$集美区$侨英街道$乐海路$178之9号$118.106523$24.586324
398.html,福建省$泉州市$南安市$柳城街道$成功街$工商银行对面)$118.400496$24.958804
399.html,福建省$厦门市$同安区$祥平街道$集安路$555-2号楼$118.13277975$24.7050485
400.html,福建省$泉州市$南安市$柳城街道$成功街$494号$118.398864$24.959643
401.html,广东省$广州市$花都区$新华街道$梅花路$33-50号$113.2143195$23.4076375
402.html,广东省$广州市$荔湾区$花地街道$花海街$18号$113.22996066$23.0995585
403.html,广东省$广州市$越秀区$建设街道$建设大马路$9号$113.2806835$23.1336795
404.html,广东省$广州市$白云区$均禾街道$大布路$9号$113.274437$23.25933725
405.html,广东省$广州市$番禺区$市桥街道$桥兴大道$399号$113.35830425$22.952726
406.html,福建省$福州市$马尾区$马尾镇$马江路$25号$119.42424925$26.01912112
407.html,福建省$厦门市$思明区$梧村街道$金榜路$113-169号$118.1091952$24.4726154
408.html,福建省$福州市$台江区$洋中街道$八一七中路$619号$119.30650238$26.06254892
409.html,广东省$广州市$花都区$新华街道$金花街$10-4号$113.205988$23.389691
410.html,广东省$广州市$天河区$前进街道$桃园路$253号$113.412857$23.110504
411.html,福建省$福州市$长乐区$营前街道$新兴路$206号$119.473057$25.961901
412.html,福建省$福州市$长乐区$江田镇$大兴南路$109号$119.58136083$25.81645416
413.html,福建省$福州市$晋安区$鼓山镇$前横路$149号$119.35219111$26.07867655
414.html,福建省$厦门市$集美区$杏滨街道$甲园路$50号$118.025905$24.594011
415.html,甘肃省$酒泉市$肃州区$新城街道$西关路$99号$98.498876$39.74296966
416.html,福建省$泉州市$鲤城区$江南街道$南环路$429号$118.55543928$24.89998314
417.html,广东省$广州市$番禺区$南村镇$南阳路$82号$113.38671816$23.008745
418.html,安徽省$合肥市$蜀山区$芙蓉社区$丹霞路$458-1-h18号$117.206421$31.776125
419.html,福建省$福州市$马尾区$罗星街道$罗星塔路$96号$119.458379$25.981961
420.html,广东省$广州市$荔湾区$沙面街道$沙面大街$33号$113.24675583$23.10686416
421.html,安徽省$合肥市$包河区$望湖街道$马鞍山路$866号$117.30268712$31.83797412
422.html,安徽省$黄山市$徽州区$徽州街道$徽州迎宾大道$68号$118.328871$29.83106
423.html,广东省$广州市$从化区$城郊街道$河滨北路$312号$113.59951075$23.55151375
424.html,福建省$厦门市$湖里区$江头街道$乌石浦南路$24号$118.128986$24.503705
425.html,广东省$广州市$越秀区$六榕街道$人民北路$670号$113.256057$23.132791
426.html,广东省$广州市$番禺区$石壁街道$韦涌人民路$10号$113.26125033$22.976847
427.html,福建省$厦门市$思明区$筼筜街道$湖滨二里$64号$118.104071$24.475831
428.html,福建省$厦门市$湖里区$禾山街道$枋湖北二路$1369号$118.141888$24.520106
429.html,福建省$福州市$连江县$凤城镇$西凤路$51号$119.5307314$26.19663
430.html,福建省$泉州市$石狮市$凤里街道$兴建路$112号$118.624699$24.731486
431.html,安徽省$阜阳市$颍上县$慎城镇$尤岗路$128号$116.2579275$32.6597805
432.html,福建省$福州市$闽侯县$上街镇$国宾大道$292号$119.201432$26.070403
433.html,福建省$福州市$晋安区$王庄街道$晋连路$2号$119.32501$26.071881
434.html,福建省$泉州市$晋江市$英林镇$龙英路$228号$118.581959$24.628732
435.html,福建省$泉州市$石狮市$湖滨街道$金林路$90号$118.643886$24.731135
436.html,广东省$广州市$越秀区$人民街道$高第街$8号$113.264608$23.11746383
437.html,广东省$广州市$番禺区$钟村街道$钟韦公路$114号$113.297196$22.97516
438.html,安徽省$黄山市$屯溪区$昱西街道$戴震路$22号$118.29601$29.712092
439.html,甘肃省$酒泉市$肃州区$玉门油田生活基地街道$解放路$37号$98.5090911$39.7339117
440.html,安徽省$合肥市$蜀山区$荷叶地街道$金寨路$489号$117.248237$31.80908
441.html,广东省$广州市$越秀区$人民街道$海珠南路$72号$113.2573075$23.1121645
442.html,福建省$福州市$鼓楼区$鼓西街道$西洪路$187号$119.284902$26.08537371
443.html,安徽省$合肥市$包河区$包公街道$宁国路$190号$117.290073$31.852907
444.html,广东省$广州市$天河区$黄村街道$中山大道中$423号$113.404381$23.122652
445.html,福建省$泉州市$晋江市$东石镇$侨声西路$47号$118.461671$24.66434725
446.html,福建省$厦门市$同安区$汀溪镇$汀溪街$505号$118.139352$24.775955
447.html,安徽省$合肥市$包河区$望湖街道$望江东路$447号$117.292149$31.82848966
448.html,安徽省$合肥市$长丰县$水湖镇$长丰路$179号$117.161903$32.4776755
449.html,广东省$广州市$番禺区$小谷围街道$大学城中环西路$242号$113.37357185$23.04199342
450.html,广东省$广州市$海珠区$南洲街道$南洲路$1123号$113.338926$23.052208
451.html,广东省$广州市$天河区$棠下街道$中山大道西$1067号$113.38898$23.125097
452.html,广东省$广州市$番禺区$大石街道$大涌路$56号$113.31459085$23.02145478
453.html,安徽省$合肥市$庐阳区$双岗街道$双岗老街$121号$117.28823163$31.878701
454.html,甘肃省$酒泉市$肃州区$西南街街道$西文化街$10号$98.5070465$39.741503
455.html,安徽省$合肥市$庐阳区$逍遥津街道$淮河路$238号$117.2882962$31.8650126
456.html,广东省$广州市$番禺区$沙头街道$进村大街$54号$113.344709$22.966268
457.html,广东省$广州市$花都区$新华街道$龙珠路$32-5号$113.231397$23.397153
458.html,福建省$厦门市$思明区$筼筜街道$仙阁里$144号$118.117363$24.496409
459.html,安徽省$合肥市$瑶海区$瑶海区工业园$岱河路$1号$117.356696$31.915549
460.html,广东省$广州市$花都区$新华街道$金都路$27号$113.199393$23.382342
461.html,广东省$广州市$越秀区$北京街道$越华路$64号$113.269836$23.129311
462.html,广东省$广州市$海珠区$瑞宝街道$宝成街$13号$113.2958385$23.0686575
463.html,福建省$厦门市$湖里区$湖里街道$和宁里$29之1号$118.08706$24.494389
464.html,广东省$广州市$增城区$新塘镇$东坑三横中路$109号$113.61563633$23.12417666
465.html,广东省$广州市$荔湾区$中南街道$赤岗西约$中南街$113.214999$23.050983
466.html,广东省$广州市$白云区$石井街道$夏花一路$112号$113.254554$23.236974
467.html,广东省$广州市$天河区$天河南街道$体育西路$111-113号$113.32130808$23.13610552
468.html,广东省$广州市$白云区$太和镇$营中街$137号$113.344162$23.294699
469.html,广东省$广州市$天河区$凤凰街道$广汕二路$223号$113.40120414$23.19502342
470.html,广东省$广州市$番禺区$桥南街道$桥南路$4巷$113.367619$22.92671733
471.html,广东省$广州市$白云区$太和镇$夏良路$夏良路1号$113.30378657$23.28438571
472.html,广东省$广州市$越秀区$珠光街道$文德南路$51号$113.27257066$23.11671266
473.html,广东省$广州市$增城区$荔城街道$育才路$4-4号$113.8237655$23.292407
474.html,福建省$福州市$罗源县$凤山镇$东环路$10号$119.551423$26.486463
475.html,福建省$泉州市$晋江市$青阳街道$文华路$128号$118.564583$24.793846
476.html,安徽省$合肥市$长丰县$双凤开发区$金川路$28号$117.2695525$31.9657095
477.html,福建省$泉州市$鲤城区$海滨街道$花巷$93号$118.587824$24.908812
478.html,广东省$广州市$天河区$沙河街道$先烈中路$286号$113.3101214$23.1508898
479.html,广东省$广州市$海珠区$江海街道$逸景路$385号$113.31620075$23.084406
480.html,安徽省$黄山市$屯溪区$昱东街道$阜上路$142号$118.332319$29.71258533
481.html,广东省$广州市$荔湾区$石围塘街道$芳村大道西$17-19号$113.218786$23.106226
482.html,甘肃省$庆阳市$西峰区$南街街道$金源巷$20号$107.640916$35.73328
483.html,广东省$广州市$白云区$松洲街道$增槎路$333号$113.22314$23.15324
484.html,广东省$广州市$越秀区$洪桥街道$东风中路$328号之2$113.268861$23.131091
485.html,福建省$福州市$晋安区$茶园街道$六一北路$201号$119.31679$26.09713066
486.html,广东省$广州市$荔湾区$茶滘街道$悦成路$73号$113.23146712$23.0932025
487.html,广东省$广州市$番禺区$大石街道$朝阳东路$160号$113.31676471$23.02665007
488.html,广东省$广州市$黄埔区$永和街道$桑田四路$78号$113.568849$23.185234
489.html,安徽省$阜阳市$颍泉区$中市街道$鹿坎路$670号$115.786688$32.9399812
490.html,广东省$广州市$白云区$金沙街道$平乐街$25号$113.212556$23.161478
491.html,广东省$广州市$番禺区$南村镇$登云大路$57号$113.344318$23.019651
492.html,安徽省$合肥市$瑶海区$长淮街道$敬亭山路$近客运总站)$117.316114$31.879974
493.html,福建省$福州市$仓山区$上渡街道$上渡路$216-10号$119.29644$26.036875
494.html,福建省$泉州市$安溪县$凤城镇$八三一路$73号$118.185396$25.05782533
495.html,广东省$广州市$番禺区$沙湾镇$接龙路$12号$113.29427966$22.890615
496.html,福建省$厦门市$思明区$筼筜街道$湖滨北路$36-2号$118.085609$24.4779
497.html,广东省$广州市$增城区$永宁街道$仙宁路$路西$113.661165$23.213989
498.html,福建省$厦门市$思明区$开元街道$湖滨南路$69号134#$118.0898$24.469918
499.html,福建省$泉州市$丰泽区$东海街道$坪山路$356号$118.61916633$24.89598216
500.html,广东省$广州市$增城区$新塘镇$瑶市路$68号$113.661147$23.1537575
